Afrikaans (South Africa),Standard,af-ZA,af-ZA-Standard-A,FEMALE,Your browser doesn't support the audio element.
Arabic,Standard,ar-XA,ar-XA-Standard-A,FEMALE,Your browser doesn't support the audio element.
Arabic,Standard,ar-XA,ar-XA-Standard-B,MALE,Your browser doesn't support the audio element.
Arabic,Standard,ar-XA,ar-XA-Standard-C,MALE,Your browser doesn't support the audio element.
Arabic,Standard,ar-XA,ar-XA-Standard-D,FEMALE,Your browser doesn't support the audio element.
Arabic,Premium,ar-XA,ar-XA-Wavenet-A,FEMALE,Your browser doesn't support the audio element.
Arabic,Premium,ar-XA,ar-XA-Wavenet-B,MALE,Your browser doesn't support the audio element.
Arabic,Premium,ar-XA,ar-XA-Wavenet-C,MALE,Your browser doesn't support the audio element.
Arabic,Premium,ar-XA,ar-XA-Wavenet-D,FEMALE,Your browser doesn't support the audio element.
Basque (Spain),Standard,eu-ES,eu-ES-Standard-A,FEMALE,Your browser doesn't support the audio element.
Basque (Spain),Standard,eu-ES,eu-ES-Standard-B,FEMALE,Your browser doesn't support the audio element.
Bengali (India),Standard,bn-IN,bn-IN-Standard-A,FEMALE,Your browser doesn't support the audio element.
Bengali (India),Standard,bn-IN,bn-IN-Standard-B,MALE,Your browser doesn't support the audio element.
Bengali (India),Standard,bn-IN,bn-IN-Standard-C,FEMALE,Your browser doesn't support the audio element.
Bengali (India),Standard,bn-IN,bn-IN-Standard-D,MALE,Your browser doesn't support the audio element.
Bengali (India),Premium,bn-IN,bn-IN-Wavenet-A,FEMALE,Your browser doesn't support the audio element.
Bengali (India),Premium,bn-IN,bn-IN-Wavenet-B,MALE,Your browser doesn't support the audio element.
Bengali (India),Premium,bn-IN,bn-IN-Wavenet-C,FEMALE,Your browser doesn't support the audio element.
Bengali (India),Premium,bn-IN,bn-IN-Wavenet-D,MALE,Your browser doesn't support the audio element.
Bulgarian (Bulgaria),Standard,bg-BG,bg-BG-Standard-A,FEMALE,Your browser doesn't support the audio element.
Bulgarian (Bulgaria),Standard,bg-BG,bg-BG-Standard-B,FEMALE,Your browser doesn't support the audio element.
Catalan (Spain),Standard,ca-ES,ca-ES-Standard-A,FEMALE,Your browser doesn't support the audio element.
Catalan (Spain),Standard,ca-ES,ca-ES-Standard-B,FEMALE,Your browser doesn't support the audio element.
Chinese (Hong Kong),Standard,yue-HK,yue-HK-Standard-A,FEMALE,Your browser doesn't support the audio element.
Chinese (Hong Kong),Standard,yue-HK,yue-HK-Standard-B,MALE,Your browser doesn't support the audio element.
Chinese (Hong Kong),Standard,yue-HK,yue-HK-Standard-C,FEMALE,Your browser doesn't support the audio element.
Chinese (Hong Kong),Standard,yue-HK,yue-HK-Standard-D,MALE,Your browser doesn't support the audio element.
Czech (Czech Republic),Standard,cs-CZ,cs-CZ-Standard-A,FEMALE,Your browser doesn't support the audio element.
Czech (Czech Republic),Standard,cs-CZ,cs-CZ-Standard-B,FEMALE,Your browser doesn't support the audio element.
Czech (Czech Republic),Premium,cs-CZ,cs-CZ-Wavenet-A,FEMALE,Your browser doesn't support the audio element.
Danish (Denmark),Premium,da-DK,da-DK-Neural2-D,FEMALE,Your browser doesn't support the audio element.
Danish (Denmark),Standard,da-DK,da-DK-Standard-A,FEMALE,Your browser doesn't support the audio element.
Danish (Denmark),Standard,da-DK,da-DK-Standard-C,MALE,Your browser doesn't support the audio element.
Danish (Denmark),Standard,da-DK,da-DK-Standard-D,FEMALE,Your browser doesn't support the audio element.
Danish (Denmark),Standard,da-DK,da-DK-Standard-E,FEMALE,Your browser doesn't support the audio element.
Danish (Denmark),Standard,da-DK,da-DK-Standard-F,FEMALE,Your browser doesn't support the audio element.
Danish (Denmark),Standard,da-DK,da-DK-Standard-G,MALE,Your browser doesn't support the audio element.
Danish (Denmark),Premium,da-DK,da-DK-Wavenet-A,FEMALE,Your browser doesn't support the audio element.
Danish (Denmark),Premium,da-DK,da-DK-Wavenet-C,MALE,Your browser doesn't support the audio element.
Danish (Denmark),Premium,da-DK,da-DK-Wavenet-D,FEMALE,Your browser doesn't support the audio element.
Danish (Denmark),Premium,da-DK,da-DK-Wavenet-E,FEMALE,Your browser doesn't support the audio element.
Dutch (Belgium),Standard,nl-BE,nl-BE-Standard-A,FEMALE,Your browser doesn't support the audio element.
Dutch (Belgium),Standard,nl-BE,nl-BE-Standard-B,MALE,Your browser doesn't support the audio element.
Dutch (Belgium),Standard,nl-BE,nl-BE-Standard-C,FEMALE,Your browser doesn't support the audio element.
Dutch (Belgium),Standard,nl-BE,nl-BE-Standard-D,MALE,Your browser doesn't support the audio element.
Dutch (Belgium),Premium,nl-BE,nl-BE-Wavenet-A,FEMALE,Your browser doesn't support the audio element.
Dutch (Belgium),Premium,nl-BE,nl-BE-Wavenet-B,MALE,Your browser doesn't support the audio element.
Dutch (Netherlands),Standard,nl-NL,nl-NL-Standard-A,FEMALE,Your browser doesn't support the audio element.
Dutch (Netherlands),Standard,nl-NL,nl-NL-Standard-B,MALE,Your browser doesn't support the audio element.
Dutch (Netherlands),Standard,nl-NL,nl-NL-Standard-C,MALE,Your browser doesn't support the audio element.
Dutch (Netherlands),Standard,nl-NL,nl-NL-Standard-D,FEMALE,Your browser doesn't support the audio element.
Dutch (Netherlands),Standard,nl-NL,nl-NL-Standard-E,FEMALE,Your browser doesn't support the audio element.
Dutch (Netherlands),Standard,nl-NL,nl-NL-Standard-F,FEMALE,Your browser doesn't support the audio element.
Dutch (Netherlands),Standard,nl-NL,nl-NL-Standard-G,MALE,Your browser doesn't support the audio element.
Dutch (Netherlands),Premium,nl-NL,nl-NL-Wavenet-A,FEMALE,Your browser doesn't support the audio element.
Dutch (Netherlands),Premium,nl-NL,nl-NL-Wavenet-B,MALE,Your browser doesn't support the audio element.
Dutch (Netherlands),Premium,nl-NL,nl-NL-Wavenet-C,MALE,Your browser doesn't support the audio element.
Dutch (Netherlands),Premium,nl-NL,nl-NL-Wavenet-D,FEMALE,Your browser doesn't support the audio element.
Dutch (Netherlands),Premium,nl-NL,nl-NL-Wavenet-E,FEMALE,Your browser doesn't support the audio element.
English (Australia),Premium,en-AU,en-AU-Journey-D,MALE,Your browser doesn't support the audio element.
English (Australia),Premium,en-AU,en-AU-Journey-F,FEMALE,Your browser doesn't support the audio element.
English (Australia),Premium,en-AU,en-AU-Journey-O,FEMALE,Your browser doesn't support the audio element.
English (Australia),Premium,en-AU,en-AU-Neural2-A,FEMALE,Your browser doesn't support the audio element.
English (Australia),Premium,en-AU,en-AU-Neural2-B,MALE,Your browser doesn't support the audio element.
English (Australia),Premium,en-AU,en-AU-Neural2-C,FEMALE,Your browser doesn't support the audio element.
English (Australia),Premium,en-AU,en-AU-Neural2-D,MALE,Your browser doesn't support the audio element.
English (Australia),Premium,en-AU,en-AU-News-E,FEMALE,Your browser doesn't support the audio element.
English (Australia),Premium,en-AU,en-AU-News-F,FEMALE,Your browser doesn't support the audio element.
English (Australia),Premium,en-AU,en-AU-News-G,MALE,Your browser doesn't support the audio element.
English (Australia),Premium,en-AU,en-AU-Polyglot-1,MALE,Your browser doesn't support the audio element.
English (Australia),Standard,en-AU,en-AU-Standard-A,FEMALE,Your browser doesn't support the audio element.
English (Australia),Standard,en-AU,en-AU-Standard-B,MALE,Your browser doesn't support the audio element.
English (Australia),Standard,en-AU,en-AU-Standard-C,FEMALE,Your browser doesn't support the audio element.
English (Australia),Standard,en-AU,en-AU-Standard-D,MALE,Your browser doesn't support the audio element.
English (Australia),Premium,en-AU,en-AU-Wavenet-A,FEMALE,Your browser doesn't support the audio element.
English (Australia),Premium,en-AU,en-AU-Wavenet-B,MALE,Your browser doesn't support the audio element.
English (Australia),Premium,en-AU,en-AU-Wavenet-C,FEMALE,Your browser doesn't support the audio element.
English (Australia),Premium,en-AU,en-AU-Wavenet-D,MALE,Your browser doesn't support the audio element.
English (India),Premium,en-IN,en-IN-Journey-D,MALE,Your browser doesn't support the audio element.
English (India),Premium,en-IN,en-IN-Journey-F,FEMALE,Your browser doesn't support the audio element.
English (India),Premium,en-IN,en-IN-Journey-O,FEMALE,Your browser doesn't support the audio element.
English (India),Premium,en-IN,en-IN-Neural2-A,FEMALE,Your browser doesn't support the audio element.
English (India),Premium,en-IN,en-IN-Neural2-B,MALE,Your browser doesn't support the audio element.
English (India),Premium,en-IN,en-IN-Neural2-C,MALE,Your browser doesn't support the audio element.
English (India),Premium,en-IN,en-IN-Neural2-D,FEMALE,Your browser doesn't support the audio element.
English (India),Standard,en-IN,en-IN-Standard-A,FEMALE,Your browser doesn't support the audio element.
English (India),Standard,en-IN,en-IN-Standard-B,MALE,Your browser doesn't support the audio element.
English (India),Standard,en-IN,en-IN-Standard-C,MALE,Your browser doesn't support the audio element.
English (India),Standard,en-IN,en-IN-Standard-D,FEMALE,Your browser doesn't support the audio element.
English (India),Standard,en-IN,en-IN-Standard-E,FEMALE,Your browser doesn't support the audio element.
English (India),Standard,en-IN,en-IN-Standard-F,MALE,Your browser doesn't support the audio element.
English (India),Premium,en-IN,en-IN-Wavenet-A,FEMALE,Your browser doesn't support the audio element.
English (India),Premium,en-IN,en-IN-Wavenet-B,MALE,Your browser doesn't support the audio element.
English (India),Premium,en-IN,en-IN-Wavenet-C,MALE,Your browser doesn't support the audio element.
English (India),Premium,en-IN,en-IN-Wavenet-D,FEMALE,Your browser doesn't support the audio element.
English (India),Premium,en-IN,en-IN-Wavenet-E,FEMALE,Your browser doesn't support the audio element.
English (India),Premium,en-IN,en-IN-Wavenet-F,MALE,Your browser doesn't support the audio element.
English (UK),Premium,en-GB,en-GB-Journey-D,MALE,Your browser doesn't support the audio element.
English (UK),Premium,en-GB,en-GB-Journey-F,FEMALE,Your browser doesn't support the audio element.
English (UK),Premium,en-GB,en-GB-Journey-O,FEMALE,Your browser doesn't support the audio element.
English (UK),Premium,en-GB,en-GB-Neural2-A,FEMALE,Your browser doesn't support the audio element.
English (UK),Premium,en-GB,en-GB-Neural2-B,MALE,Your browser doesn't support the audio element.
English (UK),Premium,en-GB,en-GB-Neural2-C,FEMALE,Your browser doesn't support the audio element.
English (UK),Premium,en-GB,en-GB-Neural2-D,MALE,Your browser doesn't support the audio element.
English (UK),Premium,en-GB,en-GB-Neural2-F,FEMALE,Your browser doesn't support the audio element.
English (UK),Premium,en-GB,en-GB-News-G,FEMALE,Your browser doesn't support the audio element.
English (UK),Premium,en-GB,en-GB-News-H,FEMALE,Your browser doesn't support the audio element.
English (UK),Premium,en-GB,en-GB-News-I,FEMALE,Your browser doesn't support the audio element.
English (UK),Premium,en-GB,en-GB-News-J,MALE,Your browser doesn't support the audio element.
English (UK),Premium,en-GB,en-GB-News-K,MALE,Your browser doesn't support the audio element.
English (UK),Premium,en-GB,en-GB-News-L,MALE,Your browser doesn't support the audio element.
English (UK),Premium,en-GB,en-GB-News-M,MALE,Your browser doesn't support the audio element.
English (UK),Standard,en-GB,en-GB-Standard-A,FEMALE,Your browser doesn't support the audio element.
English (UK),Standard,en-GB,en-GB-Standard-B,MALE,Your browser doesn't support the audio element.
English (UK),Standard,en-GB,en-GB-Standard-C,FEMALE,Your browser doesn't support the audio element.
English (UK),Standard,en-GB,en-GB-Standard-D,MALE,Your browser doesn't support the audio element.
English (UK),Standard,en-GB,en-GB-Standard-F,FEMALE,Your browser doesn't support the audio element.
English (UK),Standard,en-GB,en-GB-Standard-N,FEMALE,Your browser doesn't support the audio element.
English (UK),Standard,en-GB,en-GB-Standard-O,MALE,Your browser doesn't support the audio element.
English (UK),Studio,en-GB,en-GB-Studio-B,MALE,Your browser doesn't support the audio element.
English (UK),Studio,en-GB,en-GB-Studio-C,FEMALE,Your browser doesn't support the audio element.
English (UK),Premium,en-GB,en-GB-Wavenet-A,FEMALE,Your browser doesn't support the audio element.
English (UK),Premium,en-GB,en-GB-Wavenet-B,MALE,Your browser doesn't support the audio element.
English (UK),Premium,en-GB,en-GB-Wavenet-C,FEMALE,Your browser doesn't support the audio element.
English (UK),Premium,en-GB,en-GB-Wavenet-D,MALE,Your browser doesn't support the audio element.
English (UK),Premium,en-GB,en-GB-Wavenet-F,FEMALE,Your browser doesn't support the audio element.
English (US),Premium,en-US,en-US-Casual-K,MALE,Your browser doesn't support the audio element.
English (US),Premium,en-US,en-US-Journey-D,MALE,Your browser doesn't support the audio element.
English (US),Premium,en-US,en-US-Journey-F,FEMALE,Your browser doesn't support the audio element.
English (US),Premium,en-US,en-US-Journey-O,FEMALE,Your browser doesn't support the audio element.
English (US),Premium,en-US,en-US-Neural2-A,MALE,Your browser doesn't support the audio element.
English (US),Premium,en-US,en-US-Neural2-C,FEMALE,Your browser doesn't support the audio element.
English (US),Premium,en-US,en-US-Neural2-D,MALE,Your browser doesn't support the audio element.
English (US),Premium,en-US,en-US-Neural2-E,FEMALE,Your browser doesn't support the audio element.
English (US),Premium,en-US,en-US-Neural2-F,FEMALE,Your browser doesn't support the audio element.
English (US),Premium,en-US,en-US-Neural2-G,FEMALE,Your browser doesn't support the audio element.
English (US),Premium,en-US,en-US-Neural2-H,FEMALE,Your browser doesn't support the audio element.
English (US),Premium,en-US,en-US-Neural2-I,MALE,Your browser doesn't support the audio element.
English (US),Premium,en-US,en-US-Neural2-J,MALE,Your browser doesn't support the audio element.
English (US),Premium,en-US,en-US-News-K,FEMALE,Your browser doesn't support the audio element.
English (US),Premium,en-US,en-US-News-L,FEMALE,Your browser doesn't support the audio element.
English (US),Premium,en-US,en-US-News-N,MALE,Your browser doesn't support the audio element.
English (US),Premium,en-US,en-US-Polyglot-1,MALE,Your browser doesn't support the audio element.
English (US),Standard,en-US,en-US-Standard-A,MALE,Your browser doesn't support the audio element.
English (US),Standard,en-US,en-US-Standard-B,MALE,Your browser doesn't support the audio element.
English (US),Standard,en-US,en-US-Standard-C,FEMALE,Your browser doesn't support the audio element.
English (US),Standard,en-US,en-US-Standard-D,MALE,Your browser doesn't support the audio element.
English (US),Standard,en-US,en-US-Standard-E,FEMALE,Your browser doesn't support the audio element.
English (US),Standard,en-US,en-US-Standard-F,FEMALE,Your browser doesn't support the audio element.
English (US),Standard,en-US,en-US-Standard-G,FEMALE,Your browser doesn't support the audio element.
English (US),Standard,en-US,en-US-Standard-H,FEMALE,Your browser doesn't support the audio element.
English (US),Standard,en-US,en-US-Standard-I,MALE,Your browser doesn't support the audio element.
English (US),Standard,en-US,en-US-Standard-J,MALE,Your browser doesn't support the audio element.
English (US),Studio,en-US,en-US-Studio-O,FEMALE,Your browser doesn't support the audio element.
English (US),Studio,en-US,en-US-Studio-Q,MALE,Your browser doesn't support the audio element.
English (US),Premium,en-US,en-US-Wavenet-A,MALE,Your browser doesn't support the audio element.
English (US),Premium,en-US,en-US-Wavenet-B,MALE,Your browser doesn't support the audio element.
English (US),Premium,en-US,en-US-Wavenet-C,FEMALE,Your browser doesn't support the audio element.
English (US),Premium,en-US,en-US-Wavenet-D,MALE,Your browser doesn't support the audio element.
English (US),Premium,en-US,en-US-Wavenet-E,FEMALE,Your browser doesn't support the audio element.
English (US),Premium,en-US,en-US-Wavenet-F,FEMALE,Your browser doesn't support the audio element.
English (US),Premium,en-US,en-US-Wavenet-G,FEMALE,Your browser doesn't support the audio element.
English (US),Premium,en-US,en-US-Wavenet-H,FEMALE,Your browser doesn't support the audio element.
English (US),Premium,en-US,en-US-Wavenet-I,MALE,Your browser doesn't support the audio element.
English (US),Premium,en-US,en-US-Wavenet-J,MALE,Your browser doesn't support the audio element.
Filipino (Philippines),Standard,fil-PH,fil-PH-Standard-A,FEMALE,Your browser doesn't support the audio element.
Filipino (Philippines),Standard,fil-PH,fil-PH-Standard-B,FEMALE,Your browser doesn't support the audio element.
Filipino (Philippines),Standard,fil-PH,fil-PH-Standard-C,MALE,Your browser doesn't support the audio element.
Filipino (Philippines),Standard,fil-PH,fil-PH-Standard-D,MALE,Your browser doesn't support the audio element.
Filipino (Philippines),Premium,fil-PH,fil-PH-Wavenet-A,FEMALE,Your browser doesn't support the audio element.
Filipino (Philippines),Premium,fil-PH,fil-PH-Wavenet-B,FEMALE,Your browser doesn't support the audio element.
Filipino (Philippines),Premium,fil-PH,fil-PH-Wavenet-C,MALE,Your browser doesn't support the audio element.
Filipino (Philippines),Premium,fil-PH,fil-PH-Wavenet-D,MALE,Your browser doesn't support the audio element.
Filipino (Philippines),Premium,fil-PH,fil-ph-Neural2-A,FEMALE,Your browser doesn't support the audio element.
Filipino (Philippines),Premium,fil-PH,fil-ph-Neural2-D,MALE,Your browser doesn't support the audio element.
Finnish (Finland),Standard,fi-FI,fi-FI-Standard-A,FEMALE,Your browser doesn't support the audio element.
Finnish (Finland),Standard,fi-FI,fi-FI-Standard-B,FEMALE,Your browser doesn't support the audio element.
Finnish (Finland),Premium,fi-FI,fi-FI-Wavenet-A,FEMALE,Your browser doesn't support the audio element.
French (Canada),Premium,fr-CA,fr-CA-Journey-D,MALE,Your browser doesn't support the audio element.
French (Canada),Premium,fr-CA,fr-CA-Journey-F,FEMALE,Your browser doesn't support the audio element.
French (Canada),Premium,fr-CA,fr-CA-Journey-O,FEMALE,Your browser doesn't support the audio element.
French (Canada),Premium,fr-CA,fr-CA-Neural2-A,FEMALE,Your browser doesn't support the audio element.
French (Canada),Premium,fr-CA,fr-CA-Neural2-B,MALE,Your browser doesn't support the audio element.
French (Canada),Premium,fr-CA,fr-CA-Neural2-C,FEMALE,Your browser doesn't support the audio element.
French (Canada),Premium,fr-CA,fr-CA-Neural2-D,MALE,Your browser doesn't support the audio element.
French (Canada),Standard,fr-CA,fr-CA-Standard-A,FEMALE,Your browser doesn't support the audio element.
French (Canada),Standard,fr-CA,fr-CA-Standard-B,MALE,Your browser doesn't support the audio element.
French (Canada),Standard,fr-CA,fr-CA-Standard-C,FEMALE,Your browser doesn't support the audio element.
French (Canada),Standard,fr-CA,fr-CA-Standard-D,MALE,Your browser doesn't support the audio element.
French (Canada),Premium,fr-CA,fr-CA-Wavenet-A,FEMALE,Your browser doesn't support the audio element.
French (Canada),Premium,fr-CA,fr-CA-Wavenet-B,MALE,Your browser doesn't support the audio element.
French (Canada),Premium,fr-CA,fr-CA-Wavenet-C,FEMALE,Your browser doesn't support the audio element.
French (Canada),Premium,fr-CA,fr-CA-Wavenet-D,MALE,Your browser doesn't support the audio element.
French (France),Premium,fr-FR,fr-FR-Journey-D,MALE,Your browser doesn't support the audio element.
French (France),Premium,fr-FR,fr-FR-Journey-F,FEMALE,Your browser doesn't support the audio element.
French (France),Premium,fr-FR,fr-FR-Journey-O,FEMALE,Your browser doesn't support the audio element.
French (France),Premium,fr-FR,fr-FR-Neural2-A,FEMALE,Your browser doesn't support the audio element.
French (France),Premium,fr-FR,fr-FR-Neural2-B,MALE,Your browser doesn't support the audio element.
French (France),Premium,fr-FR,fr-FR-Neural2-C,FEMALE,Your browser doesn't support the audio element.
French (France),Premium,fr-FR,fr-FR-Neural2-D,MALE,Your browser doesn't support the audio element.
French (France),Premium,fr-FR,fr-FR-Neural2-E,FEMALE,Your browser doesn't support the audio element.
French (France),Premium,fr-FR,fr-FR-Polyglot-1,MALE,Your browser doesn't support the audio element.
French (France),Standard,fr-FR,fr-FR-Standard-A,FEMALE,Your browser doesn't support the audio element.
French (France),Standard,fr-FR,fr-FR-Standard-B,MALE,Your browser doesn't support the audio element.
French (France),Standard,fr-FR,fr-FR-Standard-C,FEMALE,Your browser doesn't support the audio element.
French (France),Standard,fr-FR,fr-FR-Standard-D,MALE,Your browser doesn't support the audio element.
French (France),Standard,fr-FR,fr-FR-Standard-E,FEMALE,Your browser doesn't support the audio element.
French (France),Standard,fr-FR,fr-FR-Standard-F,FEMALE,Your browser doesn't support the audio element.
French (France),Standard,fr-FR,fr-FR-Standard-G,MALE,Your browser doesn't support the audio element.
French (France),Studio,fr-FR,fr-FR-Studio-A,FEMALE,Your browser doesn't support the audio element.
French (France),Studio,fr-FR,fr-FR-Studio-D,MALE,Your browser doesn't support the audio element.
French (France),Premium,fr-FR,fr-FR-Wavenet-A,FEMALE,Your browser doesn't support the audio element.
French (France),Premium,fr-FR,fr-FR-Wavenet-B,MALE,Your browser doesn't support the audio element.
French (France),Premium,fr-FR,fr-FR-Wavenet-C,FEMALE,Your browser doesn't support the audio element.
French (France),Premium,fr-FR,fr-FR-Wavenet-D,MALE,Your browser doesn't support the audio element.
French (France),Premium,fr-FR,fr-FR-Wavenet-E,FEMALE,Your browser doesn't support the audio element.
French (France),Premium,fr-FR,fr-FR-Wavenet-F,FEMALE,Your browser doesn't support the audio element.
French (France),Premium,fr-FR,fr-FR-Wavenet-G,MALE,Your browser doesn't support the audio element.
Galician (Spain),Standard,gl-ES,gl-ES-Standard-A,FEMALE,Your browser doesn't support the audio element.
Galician (Spain),Standard,gl-ES,gl-ES-Standard-B,FEMALE,Your browser doesn't support the audio element.
German (Germany),Premium,de-DE,de-DE-Journey-D,MALE,Your browser doesn't support the audio element.
German (Germany),Premium,de-DE,de-DE-Journey-F,FEMALE,Your browser doesn't support the audio element.
German (Germany),Premium,de-DE,de-DE-Journey-O,FEMALE,Your browser doesn't support the audio element.
German (Germany),Premium,de-DE,de-DE-Neural2-A,FEMALE,Your browser doesn't support the audio element.
German (Germany),Premium,de-DE,de-DE-Neural2-B,MALE,Your browser doesn't support the audio element.
German (Germany),Premium,de-DE,de-DE-Neural2-C,FEMALE,Your browser doesn't support the audio element.
German (Germany),Premium,de-DE,de-DE-Neural2-D,MALE,Your browser doesn't support the audio element.
German (Germany),Premium,de-DE,de-DE-Neural2-F,FEMALE,Your browser doesn't support the audio element.
German (Germany),Premium,de-DE,de-DE-Polyglot-1,MALE,Your browser doesn't support the audio element.
German (Germany),Standard,de-DE,de-DE-Standard-A,FEMALE,Your browser doesn't support the audio element.
German (Germany),Standard,de-DE,de-DE-Standard-B,MALE,Your browser doesn't support the audio element.
German (Germany),Standard,de-DE,de-DE-Standard-C,FEMALE,Your browser doesn't support the audio element.
German (Germany),Standard,de-DE,de-DE-Standard-D,MALE,Your browser doesn't support the audio element.
German (Germany),Standard,de-DE,de-DE-Standard-E,MALE,Your browser doesn't support the audio element.
German (Germany),Standard,de-DE,de-DE-Standard-F,FEMALE,Your browser doesn't support the audio element.
German (Germany),Standard,de-DE,de-DE-Standard-G,FEMALE,Your browser doesn't support the audio element.
German (Germany),Standard,de-DE,de-DE-Standard-H,MALE,Your browser doesn't support the audio element.
German (Germany),Studio,de-DE,de-DE-Studio-B,MALE,Your browser doesn't support the audio element.
German (Germany),Studio,de-DE,de-DE-Studio-C,FEMALE,Your browser doesn't support the audio element.
German (Germany),Premium,de-DE,de-DE-Wavenet-A,FEMALE,Your browser doesn't support the audio element.
German (Germany),Premium,de-DE,de-DE-Wavenet-B,MALE,Your browser doesn't support the audio element.
German (Germany),Premium,de-DE,de-DE-Wavenet-C,FEMALE,Your browser doesn't support the audio element.
German (Germany),Premium,de-DE,de-DE-Wavenet-D,MALE,Your browser doesn't support the audio element.
German (Germany),Premium,de-DE,de-DE-Wavenet-E,MALE,Your browser doesn't support the audio element.
German (Germany),Premium,de-DE,de-DE-Wavenet-F,FEMALE,Your browser doesn't support the audio element.
German (Germany),Premium,de-DE,de-DE-Wavenet-G,FEMALE,Your browser doesn't support the audio element.
German (Germany),Premium,de-DE,de-DE-Wavenet-H,MALE,Your browser doesn't support the audio element.
Greek (Greece),Standard,el-GR,el-GR-Standard-A,FEMALE,Your browser doesn't support the audio element.
Greek (Greece),Standard,el-GR,el-GR-Standard-B,FEMALE,Your browser doesn't support the audio element.
Greek (Greece),Premium,el-GR,el-GR-Wavenet-A,FEMALE,Your browser doesn't support the audio element.
Gujarati (India),Standard,gu-IN,gu-IN-Standard-A,FEMALE,Your browser doesn't support the audio element.
Gujarati (India),Standard,gu-IN,gu-IN-Standard-B,MALE,Your browser doesn't support the audio element.
Gujarati (India),Standard,gu-IN,gu-IN-Standard-C,FEMALE,Your browser doesn't support the audio element.
Gujarati (India),Standard,gu-IN,gu-IN-Standard-D,MALE,Your browser doesn't support the audio element.
Gujarati (India),Premium,gu-IN,gu-IN-Wavenet-A,FEMALE,Your browser doesn't support the audio element.
Gujarati (India),Premium,gu-IN,gu-IN-Wavenet-B,MALE,Your browser doesn't support the audio element.
Gujarati (India),Premium,gu-IN,gu-IN-Wavenet-C,FEMALE,Your browser doesn't support the audio element.
Gujarati (India),Premium,gu-IN,gu-IN-Wavenet-D,MALE,Your browser doesn't support the audio element.
Hebrew (Israel),Standard,he-IL,he-IL-Standard-A,FEMALE,Your browser doesn't support the audio element.
Hebrew (Israel),Standard,he-IL,he-IL-Standard-B,MALE,Your browser doesn't support the audio element.
Hebrew (Israel),Standard,he-IL,he-IL-Standard-C,FEMALE,Your browser doesn't support the audio element.
Hebrew (Israel),Standard,he-IL,he-IL-Standard-D,MALE,Your browser doesn't support the audio element.
Hebrew (Israel),Premium,he-IL,he-IL-Wavenet-A,FEMALE,Your browser doesn't support the audio element.
Hebrew (Israel),Premium,he-IL,he-IL-Wavenet-B,MALE,Your browser doesn't support the audio element.
Hebrew (Israel),Premium,he-IL,he-IL-Wavenet-C,FEMALE,Your browser doesn't support the audio element.
Hebrew (Israel),Premium,he-IL,he-IL-Wavenet-D,MALE,Your browser doesn't support the audio element.
Hindi (India),Premium,hi-IN,hi-IN-Neural2-A,FEMALE,Your browser doesn't support the audio element.
Hindi (India),Premium,hi-IN,hi-IN-Neural2-B,MALE,Your browser doesn't support the audio element.
Hindi (India),Premium,hi-IN,hi-IN-Neural2-C,MALE,Your browser doesn't support the audio element.
Hindi (India),Premium,hi-IN,hi-IN-Neural2-D,FEMALE,Your browser doesn't support the audio element.
Hindi (India),Standard,hi-IN,hi-IN-Standard-A,FEMALE,Your browser doesn't support the audio element.
Hindi (India),Standard,hi-IN,hi-IN-Standard-B,MALE,Your browser doesn't support the audio element.
Hindi (India),Standard,hi-IN,hi-IN-Standard-C,MALE,Your browser doesn't support the audio element.
Hindi (India),Standard,hi-IN,hi-IN-Standard-D,FEMALE,Your browser doesn't support the audio element.
Hindi (India),Standard,hi-IN,hi-IN-Standard-E,FEMALE,Your browser doesn't support the audio element.
Hindi (India),Standard,hi-IN,hi-IN-Standard-F,MALE,Your browser doesn't support the audio element.
Hindi (India),Premium,hi-IN,hi-IN-Wavenet-A,FEMALE,Your browser doesn't support the audio element.
Hindi (India),Premium,hi-IN,hi-IN-Wavenet-B,MALE,Your browser doesn't support the audio element.
Hindi (India),Premium,hi-IN,hi-IN-Wavenet-C,MALE,Your browser doesn't support the audio element.
Hindi (India),Premium,hi-IN,hi-IN-Wavenet-D,FEMALE,Your browser doesn't support the audio element.
Hindi (India),Premium,hi-IN,hi-IN-Wavenet-E,FEMALE,Your browser doesn't support the audio element.
Hindi (India),Premium,hi-IN,hi-IN-Wavenet-F,MALE,Your browser doesn't support the audio element.
Hungarian (Hungary),Standard,hu-HU,hu-HU-Standard-A,FEMALE,Your browser doesn't support the audio element.
Hungarian (Hungary),Standard,hu-HU,hu-HU-Standard-B,FEMALE,Your browser doesn't support the audio element.
Hungarian (Hungary),Premium,hu-HU,hu-HU-Wavenet-A,FEMALE,Your browser doesn't support the audio element.
Icelandic (Iceland),Standard,is-IS,is-IS-Standard-A,FEMALE,Your browser doesn't support the audio element.
Icelandic (Iceland),Standard,is-IS,is-IS-Standard-B,FEMALE,Your browser doesn't support the audio element.
Indonesian (Indonesia),Standard,id-ID,id-ID-Standard-A,FEMALE,Your browser doesn't support the audio element.
Indonesian (Indonesia),Standard,id-ID,id-ID-Standard-B,MALE,Your browser doesn't support the audio element.
Indonesian (Indonesia),Standard,id-ID,id-ID-Standard-C,MALE,Your browser doesn't support the audio element.
Indonesian (Indonesia),Standard,id-ID,id-ID-Standard-D,FEMALE,Your browser doesn't support the audio element.
Indonesian (Indonesia),Premium,id-ID,id-ID-Wavenet-A,FEMALE,Your browser doesn't support the audio element.
Indonesian (Indonesia),Premium,id-ID,id-ID-Wavenet-B,MALE,Your browser doesn't support the audio element.
Indonesian (Indonesia),Premium,id-ID,id-ID-Wavenet-C,MALE,Your browser doesn't support the audio element.
Indonesian (Indonesia),Premium,id-ID,id-ID-Wavenet-D,FEMALE,Your browser doesn't support the audio element.
Italian (Italy),Premium,it-IT,it-IT-Journey-D,MALE,Your browser doesn't support the audio element.
Italian (Italy),Premium,it-IT,it-IT-Journey-F,FEMALE,Your browser doesn't support the audio element.
Italian (Italy),Premium,it-IT,it-IT-Journey-O,FEMALE,Your browser doesn't support the audio element.
Italian (Italy),Premium,it-IT,it-IT-Neural2-A,FEMALE,Your browser doesn't support the audio element.
Italian (Italy),Premium,it-IT,it-IT-Neural2-C,MALE,Your browser doesn't support the audio element.
Italian (Italy),Standard,it-IT,it-IT-Standard-A,FEMALE,Your browser doesn't support the audio element.
Italian (Italy),Standard,it-IT,it-IT-Standard-B,FEMALE,Your browser doesn't support the audio element.
Italian (Italy),Standard,it-IT,it-IT-Standard-C,MALE,Your browser doesn't support the audio element.
Italian (Italy),Standard,it-IT,it-IT-Standard-D,MALE,Your browser doesn't support the audio element.
Italian (Italy),Standard,it-IT,it-IT-Standard-E,FEMALE,Your browser doesn't support the audio element.
Italian (Italy),Standard,it-IT,it-IT-Standard-F,MALE,Your browser doesn't support the audio element.
Italian (Italy),Premium,it-IT,it-IT-Wavenet-A,FEMALE,Your browser doesn't support the audio element.
Italian (Italy),Premium,it-IT,it-IT-Wavenet-B,FEMALE,Your browser doesn't support the audio element.
Italian (Italy),Premium,it-IT,it-IT-Wavenet-C,MALE,Your browser doesn't support the audio element.
Italian (Italy),Premium,it-IT,it-IT-Wavenet-D,MALE,Your browser doesn't support the audio element.
Japanese (Japan),Premium,ja-JP,ja-JP-Neural2-B,FEMALE,Your browser doesn't support the audio element.
Japanese (Japan),Premium,ja-JP,ja-JP-Neural2-C,MALE,Your browser doesn't support the audio element.
Japanese (Japan),Premium,ja-JP,ja-JP-Neural2-D,MALE,Your browser doesn't support the audio element.
Japanese (Japan),Standard,ja-JP,ja-JP-Standard-A,FEMALE,Your browser doesn't support the audio element.
Japanese (Japan),Standard,ja-JP,ja-JP-Standard-B,FEMALE,Your browser doesn't support the audio element.
Japanese (Japan),Standard,ja-JP,ja-JP-Standard-C,MALE,Your browser doesn't support the audio element.
Japanese (Japan),Standard,ja-JP,ja-JP-Standard-D,MALE,Your browser doesn't support the audio element.
Japanese (Japan),Premium,ja-JP,ja-JP-Wavenet-A,FEMALE,Your browser doesn't support the audio element.
Japanese (Japan),Premium,ja-JP,ja-JP-Wavenet-B,FEMALE,Your browser doesn't support the audio element.
Japanese (Japan),Premium,ja-JP,ja-JP-Wavenet-C,MALE,Your browser doesn't support the audio element.
Japanese (Japan),Premium,ja-JP,ja-JP-Wavenet-D,MALE,Your browser doesn't support the audio element.
Kannada (India),Standard,kn-IN,kn-IN-Standard-A,FEMALE,Your browser doesn't support the audio element.
Kannada (India),Standard,kn-IN,kn-IN-Standard-B,MALE,Your browser doesn't support the audio element.
Kannada (India),Standard,kn-IN,kn-IN-Standard-C,FEMALE,Your browser doesn't support the audio element.
Kannada (India),Standard,kn-IN,kn-IN-Standard-D,MALE,Your browser doesn't support the audio element.
Kannada (India),Premium,kn-IN,kn-IN-Wavenet-A,FEMALE,Your browser doesn't support the audio element.
Kannada (India),Premium,kn-IN,kn-IN-Wavenet-B,MALE,Your browser doesn't support the audio element.
Kannada (India),Premium,kn-IN,kn-IN-Wavenet-C,FEMALE,Your browser doesn't support the audio element.
Kannada (India),Premium,kn-IN,kn-IN-Wavenet-D,MALE,Your browser doesn't support the audio element.
Korean (South Korea),Premium,ko-KR,ko-KR-Neural2-A,FEMALE,Your browser doesn't support the audio element.
Korean (South Korea),Premium,ko-KR,ko-KR-Neural2-B,FEMALE,Your browser doesn't support the audio element.
Korean (South Korea),Premium,ko-KR,ko-KR-Neural2-C,MALE,Your browser doesn't support the audio element.
Korean (South Korea),Standard,ko-KR,ko-KR-Standard-A,FEMALE,Your browser doesn't support the audio element.
Korean (South Korea),Standard,ko-KR,ko-KR-Standard-B,FEMALE,Your browser doesn't support the audio element.
Korean (South Korea),Standard,ko-KR,ko-KR-Standard-C,MALE,Your browser doesn't support the audio element.
Korean (South Korea),Standard,ko-KR,ko-KR-Standard-D,MALE,Your browser doesn't support the audio element.
Korean (South Korea),Premium,ko-KR,ko-KR-Wavenet-A,FEMALE,Your browser doesn't support the audio element.
Korean (South Korea),Premium,ko-KR,ko-KR-Wavenet-B,FEMALE,Your browser doesn't support the audio element.
Korean (South Korea),Premium,ko-KR,ko-KR-Wavenet-C,MALE,Your browser doesn't support the audio element.
Korean (South Korea),Premium,ko-KR,ko-KR-Wavenet-D,MALE,Your browser doesn't support the audio element.
Latvian (Latvia),Standard,lv-LV,lv-LV-Standard-A,MALE,Your browser doesn't support the audio element.
Latvian (Latvia),Standard,lv-LV,lv-LV-Standard-B,MALE,Your browser doesn't support the audio element.
Lithuanian (Lithuania),Standard,lt-LT,lt-LT-Standard-A,MALE,Your browser doesn't support the audio element.
Lithuanian (Lithuania),Standard,lt-LT,lt-LT-Standard-B,MALE,Your browser doesn't support the audio element.
Malay (Malaysia),Standard,ms-MY,ms-MY-Standard-A,FEMALE,Your browser doesn't support the audio element.
Malay (Malaysia),Standard,ms-MY,ms-MY-Standard-B,MALE,Your browser doesn't support the audio element.
Malay (Malaysia),Standard,ms-MY,ms-MY-Standard-C,FEMALE,Your browser doesn't support the audio element.
Malay (Malaysia),Standard,ms-MY,ms-MY-Standard-D,MALE,Your browser doesn't support the audio element.
Malay (Malaysia),Premium,ms-MY,ms-MY-Wavenet-A,FEMALE,Your browser doesn't support the audio element.
Malay (Malaysia),Premium,ms-MY,ms-MY-Wavenet-B,MALE,Your browser doesn't support the audio element.
Malay (Malaysia),Premium,ms-MY,ms-MY-Wavenet-C,FEMALE,Your browser doesn't support the audio element.
Malay (Malaysia),Premium,ms-MY,ms-MY-Wavenet-D,MALE,Your browser doesn't support the audio element.
Malayalam (India),Standard,ml-IN,ml-IN-Standard-A,FEMALE,Your browser doesn't support the audio element.
Malayalam (India),Standard,ml-IN,ml-IN-Standard-B,MALE,Your browser doesn't support the audio element.
Malayalam (India),Standard,ml-IN,ml-IN-Standard-C,FEMALE,Your browser doesn't support the audio element.
Malayalam (India),Standard,ml-IN,ml-IN-Standard-D,MALE,Your browser doesn't support the audio element.
Malayalam (India),Premium,ml-IN,ml-IN-Wavenet-A,FEMALE,Your browser doesn't support the audio element.
Malayalam (India),Premium,ml-IN,ml-IN-Wavenet-B,MALE,Your browser doesn't support the audio element.
Malayalam (India),Premium,ml-IN,ml-IN-Wavenet-C,FEMALE,Your browser doesn't support the audio element.
Malayalam (India),Premium,ml-IN,ml-IN-Wavenet-D,MALE,Your browser doesn't support the audio element.
Mandarin Chinese,Standard,cmn-CN,cmn-CN-Standard-A,FEMALE,Your browser doesn't support the audio element.
Mandarin Chinese,Standard,cmn-CN,cmn-CN-Standard-B,MALE,Your browser doesn't support the audio element.
Mandarin Chinese,Standard,cmn-CN,cmn-CN-Standard-C,MALE,Your browser doesn't support the audio element.
Mandarin Chinese,Standard,cmn-CN,cmn-CN-Standard-D,FEMALE,Your browser doesn't support the audio element.
Mandarin Chinese,Premium,cmn-CN,cmn-CN-Wavenet-A,FEMALE,Your browser doesn't support the audio element.
Mandarin Chinese,Premium,cmn-CN,cmn-CN-Wavenet-B,MALE,Your browser doesn't support the audio element.
Mandarin Chinese,Premium,cmn-CN,cmn-CN-Wavenet-C,MALE,Your browser doesn't support the audio element.
Mandarin Chinese,Premium,cmn-CN,cmn-CN-Wavenet-D,FEMALE,Your browser doesn't support the audio element.
Mandarin Chinese,Standard,cmn-TW,cmn-TW-Standard-A,FEMALE,Your browser doesn't support the audio element.
Mandarin Chinese,Standard,cmn-TW,cmn-TW-Standard-B,MALE,Your browser doesn't support the audio element.
Mandarin Chinese,Standard,cmn-TW,cmn-TW-Standard-C,MALE,Your browser doesn't support the audio element.
Mandarin Chinese,Premium,cmn-TW,cmn-TW-Wavenet-A,FEMALE,Your browser doesn't support the audio element.
Mandarin Chinese,Premium,cmn-TW,cmn-TW-Wavenet-B,MALE,Your browser doesn't support the audio element.
Mandarin Chinese,Premium,cmn-TW,cmn-TW-Wavenet-C,MALE,Your browser doesn't support the audio element.
Marathi (India),Standard,mr-IN,mr-IN-Standard-A,FEMALE,Your browser doesn't support the audio element.
Marathi (India),Standard,mr-IN,mr-IN-Standard-B,MALE,Your browser doesn't support the audio element.
Marathi (India),Standard,mr-IN,mr-IN-Standard-C,FEMALE,Your browser doesn't support the audio element.
Marathi (India),Premium,mr-IN,mr-IN-Wavenet-A,FEMALE,Your browser doesn't support the audio element.
Marathi (India),Premium,mr-IN,mr-IN-Wavenet-B,MALE,Your browser doesn't support the audio element.
Marathi (India),Premium,mr-IN,mr-IN-Wavenet-C,FEMALE,Your browser doesn't support the audio element.
Norwegian (Norway),Standard,nb-NO,nb-NO-Standard-A,FEMALE,Your browser doesn't support the audio element.
Norwegian (Norway),Standard,nb-NO,nb-NO-Standard-B,MALE,Your browser doesn't support the audio element.
Norwegian (Norway),Standard,nb-NO,nb-NO-Standard-C,FEMALE,Your browser doesn't support the audio element.
Norwegian (Norway),Standard,nb-NO,nb-NO-Standard-D,MALE,Your browser doesn't support the audio element.
Norwegian (Norway),Standard,nb-NO,nb-NO-Standard-E,FEMALE,Your browser doesn't support the audio element.
Norwegian (Norway),Standard,nb-NO,nb-NO-Standard-F,FEMALE,Your browser doesn't support the audio element.
Norwegian (Norway),Standard,nb-NO,nb-NO-Standard-G,MALE,Your browser doesn't support the audio element.
Norwegian (Norway),Premium,nb-NO,nb-NO-Wavenet-A,FEMALE,Your browser doesn't support the audio element.
Norwegian (Norway),Premium,nb-NO,nb-NO-Wavenet-B,MALE,Your browser doesn't support the audio element.
Norwegian (Norway),Premium,nb-NO,nb-NO-Wavenet-C,FEMALE,Your browser doesn't support the audio element.
Norwegian (Norway),Premium,nb-NO,nb-NO-Wavenet-D,MALE,Your browser doesn't support the audio element.
Norwegian (Norway),Premium,nb-NO,nb-NO-Wavenet-E,FEMALE,Your browser doesn't support the audio element.
Polish (Poland),Standard,pl-PL,pl-PL-Standard-A,FEMALE,Your browser doesn't support the audio element.
Polish (Poland),Standard,pl-PL,pl-PL-Standard-B,MALE,Your browser doesn't support the audio element.
Polish (Poland),Standard,pl-PL,pl-PL-Standard-C,MALE,Your browser doesn't support the audio element.
Polish (Poland),Standard,pl-PL,pl-PL-Standard-D,FEMALE,Your browser doesn't support the audio element.
Polish (Poland),Standard,pl-PL,pl-PL-Standard-E,FEMALE,Your browser doesn't support the audio element.
Polish (Poland),Standard,pl-PL,pl-PL-Standard-F,FEMALE,Your browser doesn't support the audio element.
Polish (Poland),Standard,pl-PL,pl-PL-Standard-G,MALE,Your browser doesn't support the audio element.
Polish (Poland),Premium,pl-PL,pl-PL-Wavenet-A,FEMALE,Your browser doesn't support the audio element.
Polish (Poland),Premium,pl-PL,pl-PL-Wavenet-B,MALE,Your browser doesn't support the audio element.
Polish (Poland),Premium,pl-PL,pl-PL-Wavenet-C,MALE,Your browser doesn't support the audio element.
Polish (Poland),Premium,pl-PL,pl-PL-Wavenet-D,FEMALE,Your browser doesn't support the audio element.
Polish (Poland),Premium,pl-PL,pl-PL-Wavenet-E,FEMALE,Your browser doesn't support the audio element.
Portuguese (Brazil),Premium,pt-BR,pt-BR-Neural2-A,FEMALE,Your browser doesn't support the audio element.
Portuguese (Brazil),Premium,pt-BR,pt-BR-Neural2-B,MALE,Your browser doesn't support the audio element.
Portuguese (Brazil),Premium,pt-BR,pt-BR-Neural2-C,FEMALE,Your browser doesn't support the audio element.
Portuguese (Brazil),Standard,pt-BR,pt-BR-Standard-A,FEMALE,Your browser doesn't support the audio element.
Portuguese (Brazil),Standard,pt-BR,pt-BR-Standard-B,MALE,Your browser doesn't support the audio element.
Portuguese (Brazil),Standard,pt-BR,pt-BR-Standard-C,FEMALE,Your browser doesn't support the audio element.
Portuguese (Brazil),Standard,pt-BR,pt-BR-Standard-D,FEMALE,Your browser doesn't support the audio element.
Portuguese (Brazil),Standard,pt-BR,pt-BR-Standard-E,MALE,Your browser doesn't support the audio element.
Portuguese (Brazil),Premium,pt-BR,pt-BR-Wavenet-A,FEMALE,Your browser doesn't support the audio element.
Portuguese (Brazil),Premium,pt-BR,pt-BR-Wavenet-B,MALE,Your browser doesn't support the audio element.
Portuguese (Brazil),Premium,pt-BR,pt-BR-Wavenet-C,FEMALE,Your browser doesn't support the audio element.
Portuguese (Brazil),Premium,pt-BR,pt-BR-Wavenet-D,FEMALE,Your browser doesn't support the audio element.
Portuguese (Brazil),Premium,pt-BR,pt-BR-Wavenet-E,MALE,Your browser doesn't support the audio element.
Portuguese (Portugal),Standard,pt-PT,pt-PT-Standard-A,FEMALE,Your browser doesn't support the audio element.
Portuguese (Portugal),Standard,pt-PT,pt-PT-Standard-B,MALE,Your browser doesn't support the audio element.
Portuguese (Portugal),Standard,pt-PT,pt-PT-Standard-C,MALE,Your browser doesn't support the audio element.
Portuguese (Portugal),Standard,pt-PT,pt-PT-Standard-D,FEMALE,Your browser doesn't support the audio element.
Portuguese (Portugal),Standard,pt-PT,pt-PT-Standard-E,FEMALE,Your browser doesn't support the audio element.
Portuguese (Portugal),Standard,pt-PT,pt-PT-Standard-F,MALE,Your browser doesn't support the audio element.
Portuguese (Portugal),Premium,pt-PT,pt-PT-Wavenet-A,FEMALE,Your browser doesn't support the audio element.
Portuguese (Portugal),Premium,pt-PT,pt-PT-Wavenet-B,MALE,Your browser doesn't support the audio element.
Portuguese (Portugal),Premium,pt-PT,pt-PT-Wavenet-C,MALE,Your browser doesn't support the audio element.
Portuguese (Portugal),Premium,pt-PT,pt-PT-Wavenet-D,FEMALE,Your browser doesn't support the audio element.
Punjabi (India),Standard,pa-IN,pa-IN-Standard-A,FEMALE,Your browser doesn't support the audio element.
Punjabi (India),Standard,pa-IN,pa-IN-Standard-B,MALE,Your browser doesn't support the audio element.
Punjabi (India),Standard,pa-IN,pa-IN-Standard-C,FEMALE,Your browser doesn't support the audio element.
Punjabi (India),Standard,pa-IN,pa-IN-Standard-D,MALE,Your browser doesn't support the audio element.
Punjabi (India),Premium,pa-IN,pa-IN-Wavenet-A,FEMALE,Your browser doesn't support the audio element.
Punjabi (India),Premium,pa-IN,pa-IN-Wavenet-B,MALE,Your browser doesn't support the audio element.
Punjabi (India),Premium,pa-IN,pa-IN-Wavenet-C,FEMALE,Your browser doesn't support the audio element.
Punjabi (India),Premium,pa-IN,pa-IN-Wavenet-D,MALE,Your browser doesn't support the audio element.
Romanian (Romania),Standard,ro-RO,ro-RO-Standard-A,FEMALE,Your browser doesn't support the audio element.
Romanian (Romania),Standard,ro-RO,ro-RO-Standard-B,FEMALE,Your browser doesn't support the audio element.
Romanian (Romania),Premium,ro-RO,ro-RO-Wavenet-A,FEMALE,Your browser doesn't support the audio element.
Russian (Russia),Standard,ru-RU,ru-RU-Standard-A,FEMALE,Your browser doesn't support the audio element.
Russian (Russia),Standard,ru-RU,ru-RU-Standard-B,MALE,Your browser doesn't support the audio element.
Russian (Russia),Standard,ru-RU,ru-RU-Standard-C,FEMALE,Your browser doesn't support the audio element.
Russian (Russia),Standard,ru-RU,ru-RU-Standard-D,MALE,Your browser doesn't support the audio element.
Russian (Russia),Standard,ru-RU,ru-RU-Standard-E,FEMALE,Your browser doesn't support the audio element.
Russian (Russia),Premium,ru-RU,ru-RU-Wavenet-A,FEMALE,Your browser doesn't support the audio element.
Russian (Russia),Premium,ru-RU,ru-RU-Wavenet-B,MALE,Your browser doesn't support the audio element.
Russian (Russia),Premium,ru-RU,ru-RU-Wavenet-C,FEMALE,Your browser doesn't support the audio element.
Russian (Russia),Premium,ru-RU,ru-RU-Wavenet-D,MALE,Your browser doesn't support the audio element.
Russian (Russia),Premium,ru-RU,ru-RU-Wavenet-E,FEMALE,Your browser doesn't support the audio element.
Serbian (Cyrillic),Standard,sr-RS,sr-RS-Standard-A,FEMALE,Your browser doesn't support the audio element.
Slovak (Slovakia),Standard,sk-SK,sk-SK-Standard-A,FEMALE,Your browser doesn't support the audio element.
Slovak (Slovakia),Standard,sk-SK,sk-SK-Standard-B,FEMALE,Your browser doesn't support the audio element.
Slovak (Slovakia),Premium,sk-SK,sk-SK-Wavenet-A,FEMALE,Your browser doesn't support the audio element.
Spanish (Spain),Premium,es-ES,es-ES-Journey-D,MALE,Your browser doesn't support the audio element.
Spanish (Spain),Premium,es-ES,es-ES-Journey-F,FEMALE,Your browser doesn't support the audio element.
Spanish (Spain),Premium,es-ES,es-ES-Journey-O,FEMALE,Your browser doesn't support the audio element.
Spanish (Spain),Premium,es-ES,es-ES-Neural2-A,FEMALE,Your browser doesn't support the audio element.
Spanish (Spain),Premium,es-ES,es-ES-Neural2-B,MALE,Your browser doesn't support the audio element.
Spanish (Spain),Premium,es-ES,es-ES-Neural2-C,FEMALE,Your browser doesn't support the audio element.
Spanish (Spain),Premium,es-ES,es-ES-Neural2-D,FEMALE,Your browser doesn't support the audio element.
Spanish (Spain),Premium,es-ES,es-ES-Neural2-E,FEMALE,Your browser doesn't support the audio element.
Spanish (Spain),Premium,es-ES,es-ES-Neural2-F,MALE,Your browser doesn't support the audio element.
Spanish (Spain),Premium,es-ES,es-ES-Polyglot-1,MALE,Your browser doesn't support the audio element.
Spanish (Spain),Standard,es-ES,es-ES-Standard-A,FEMALE,Your browser doesn't support the audio element.
Spanish (Spain),Standard,es-ES,es-ES-Standard-B,MALE,Your browser doesn't support the audio element.
Spanish (Spain),Standard,es-ES,es-ES-Standard-C,FEMALE,Your browser doesn't support the audio element.
Spanish (Spain),Standard,es-ES,es-ES-Standard-D,FEMALE,Your browser doesn't support the audio element.
Spanish (Spain),Standard,es-ES,es-ES-Standard-E,MALE,Your browser doesn't support the audio element.
Spanish (Spain),Standard,es-ES,es-ES-Standard-F,FEMALE,Your browser doesn't support the audio element.
Spanish (Spain),Studio,es-ES,es-ES-Studio-C,FEMALE,Your browser doesn't support the audio element.
Spanish (Spain),Studio,es-ES,es-ES-Studio-F,MALE,Your browser doesn't support the audio element.
Spanish (Spain),Premium,es-ES,es-ES-Wavenet-B,MALE,Your browser doesn't support the audio element.
Spanish (Spain),Premium,es-ES,es-ES-Wavenet-C,FEMALE,Your browser doesn't support the audio element.
Spanish (Spain),Premium,es-ES,es-ES-Wavenet-D,FEMALE,Your browser doesn't support the audio element.
Spanish (Spain),Premium,es-ES,es-ES-Wavenet-E,MALE,Your browser doesn't support the audio element.
Spanish (Spain),Premium,es-ES,es-ES-Wavenet-F,FEMALE,Your browser doesn't support the audio element.
Spanish (US),Premium,es-US,es-US-Journey-D,MALE,Your browser doesn't support the audio element.
Spanish (US),Premium,es-US,es-US-Journey-F,FEMALE,Your browser doesn't support the audio element.
Spanish (US),Premium,es-US,es-US-Journey-O,FEMALE,Your browser doesn't support the audio element.
Spanish (US),Premium,es-US,es-US-Neural2-A,FEMALE,Your browser doesn't support the audio element.
Spanish (US),Premium,es-US,es-US-Neural2-B,MALE,Your browser doesn't support the audio element.
Spanish (US),Premium,es-US,es-US-Neural2-C,MALE,Your browser doesn't support the audio element.
Spanish (US),Premium,es-US,es-US-News-D,MALE,Your browser doesn't support the audio element.
Spanish (US),Premium,es-US,es-US-News-E,MALE,Your browser doesn't support the audio element.
Spanish (US),Premium,es-US,es-US-News-F,FEMALE,Your browser doesn't support the audio element.
Spanish (US),Premium,es-US,es-US-News-G,FEMALE,Your browser doesn't support the audio element.
Spanish (US),Premium,es-US,es-US-Polyglot-1,MALE,Your browser doesn't support the audio element.
Spanish (US),Standard,es-US,es-US-Standard-A,FEMALE,Your browser doesn't support the audio element.
Spanish (US),Standard,es-US,es-US-Standard-B,MALE,Your browser doesn't support the audio element.
Spanish (US),Standard,es-US,es-US-Standard-C,MALE,Your browser doesn't support the audio element.
Spanish (US),Studio,es-US,es-US-Studio-B,MALE,Your browser doesn't support the audio element.
Spanish (US),Premium,es-US,es-US-Wavenet-A,FEMALE,Your browser doesn't support the audio element.
Spanish (US),Premium,es-US,es-US-Wavenet-B,MALE,Your browser doesn't support the audio element.
Spanish (US),Premium,es-US,es-US-Wavenet-C,MALE,Your browser doesn't support the audio element.
Swedish (Sweden),Standard,sv-SE,sv-SE-Standard-A,FEMALE,Your browser doesn't support the audio element.
Swedish (Sweden),Standard,sv-SE,sv-SE-Standard-B,FEMALE,Your browser doesn't support the audio element.
Swedish (Sweden),Standard,sv-SE,sv-SE-Standard-C,FEMALE,Your browser doesn't support the audio element.
Swedish (Sweden),Standard,sv-SE,sv-SE-Standard-D,MALE,Your browser doesn't support the audio element.
Swedish (Sweden),Standard,sv-SE,sv-SE-Standard-E,MALE,Your browser doesn't support the audio element.
Swedish (Sweden),Standard,sv-SE,sv-SE-Standard-F,FEMALE,Your browser doesn't support the audio element.
Swedish (Sweden),Standard,sv-SE,sv-SE-Standard-G,MALE,Your browser doesn't support the audio element.
Swedish (Sweden),Premium,sv-SE,sv-SE-Wavenet-A,FEMALE,Your browser doesn't support the audio element.
Swedish (Sweden),Premium,sv-SE,sv-SE-Wavenet-B,FEMALE,Your browser doesn't support the audio element.
Swedish (Sweden),Premium,sv-SE,sv-SE-Wavenet-C,MALE,Your browser doesn't support the audio element.
Swedish (Sweden),Premium,sv-SE,sv-SE-Wavenet-D,FEMALE,Your browser doesn't support the audio element.
Swedish (Sweden),Premium,sv-SE,sv-SE-Wavenet-E,MALE,Your browser doesn't support the audio element.
Tamil (India),Standard,ta-IN,ta-IN-Standard-A,FEMALE,Your browser doesn't support the audio element.
Tamil (India),Standard,ta-IN,ta-IN-Standard-B,MALE,Your browser doesn't support the audio element.
Tamil (India),Standard,ta-IN,ta-IN-Standard-C,FEMALE,Your browser doesn't support the audio element.
Tamil (India),Standard,ta-IN,ta-IN-Standard-D,MALE,Your browser doesn't support the audio element.
Tamil (India),Premium,ta-IN,ta-IN-Wavenet-A,FEMALE,Your browser doesn't support the audio element.
Tamil (India),Premium,ta-IN,ta-IN-Wavenet-B,MALE,Your browser doesn't support the audio element.
Tamil (India),Premium,ta-IN,ta-IN-Wavenet-C,FEMALE,Your browser doesn't support the audio element.
Tamil (India),Premium,ta-IN,ta-IN-Wavenet-D,MALE,Your browser doesn't support the audio element.
Telugu (India),Standard,te-IN,te-IN-Standard-A,FEMALE,Your browser doesn't support the audio element.
Telugu (India),Standard,te-IN,te-IN-Standard-B,MALE,Your browser doesn't support the audio element.
Telugu (India),Standard,te-IN,te-IN-Standard-C,FEMALE,Your browser doesn't support the audio element.
Telugu (India),Standard,te-IN,te-IN-Standard-D,MALE,Your browser doesn't support the audio element.
Thai (Thailand),Premium,th-TH,th-TH-Neural2-C,FEMALE,Your browser doesn't support the audio element.
Thai (Thailand),Standard,th-TH,th-TH-Standard-A,FEMALE,Your browser doesn't support the audio element.
Turkish (Turkey),Standard,tr-TR,tr-TR-Standard-A,FEMALE,Your browser doesn't support the audio element.
Turkish (Turkey),Standard,tr-TR,tr-TR-Standard-B,MALE,Your browser doesn't support the audio element.
Turkish (Turkey),Standard,tr-TR,tr-TR-Standard-C,FEMALE,Your browser doesn't support the audio element.
Turkish (Turkey),Standard,tr-TR,tr-TR-Standard-D,FEMALE,Your browser doesn't support the audio element.
Turkish (Turkey),Standard,tr-TR,tr-TR-Standard-E,MALE,Your browser doesn't support the audio element.
Turkish (Turkey),Premium,tr-TR,tr-TR-Wavenet-A,FEMALE,Your browser doesn't support the audio element.
Turkish (Turkey),Premium,tr-TR,tr-TR-Wavenet-B,MALE,Your browser doesn't support the audio element.
Turkish (Turkey),Premium,tr-TR,tr-TR-Wavenet-C,FEMALE,Your browser doesn't support the audio element.
Turkish (Turkey),Premium,tr-TR,tr-TR-Wavenet-D,FEMALE,Your browser doesn't support the audio element.
Turkish (Turkey),Premium,tr-TR,tr-TR-Wavenet-E,MALE,Your browser doesn't support the audio element.
Ukrainian (Ukraine),Standard,uk-UA,uk-UA-Standard-A,FEMALE,Your browser doesn't support the audio element.
Ukrainian (Ukraine),Premium,uk-UA,uk-UA-Wavenet-A,FEMALE,Your browser doesn't support the audio element.
Vietnamese (Vietnam),Premium,vi-VN,vi-VN-Neural2-A,FEMALE,Your browser doesn't support the audio element.
Vietnamese (Vietnam),Premium,vi-VN,vi-VN-Neural2-D,MALE,Your browser doesn't support the audio element.
Vietnamese (Vietnam),Standard,vi-VN,vi-VN-Standard-A,FEMALE,Your browser doesn't support the audio element.
Vietnamese (Vietnam),Standard,vi-VN,vi-VN-Standard-B,MALE,Your browser doesn't support the audio element.
Vietnamese (Vietnam),Standard,vi-VN,vi-VN-Standard-C,FEMALE,Your browser doesn't support the audio element.
Vietnamese (Vietnam),Standard,vi-VN,vi-VN-Standard-D,MALE,Your browser doesn't support the audio element.
Vietnamese (Vietnam),Premium,vi-VN,vi-VN-Wavenet-A,FEMALE,Your browser doesn't support the audio element.
Vietnamese (Vietnam),Premium,vi-VN,vi-VN-Wavenet-B,MALE,Your browser doesn't support the audio element.
Vietnamese (Vietnam),Premium,vi-VN,vi-VN-Wavenet-C,FEMALE,Your browser doesn't support the audio element.
Vietnamese (Vietnam),Premium,vi-VN,vi-VN-Wavenet-D,MALE,